ip,国家,城市,proxyip,端口
129.80.237.223,美国,IAD,TRUE,19443
35.202.158.120,美国,ORD,TRUE,19443
18.216.55.100,美国,ORD,TRUE,19443
152.67.251.232,美国,LAX,TRUE,19443
192.9.148.42,美国,SJC,TRUE,19443
34.82.76.253,美国,SEA,TRUE,19443
35.230.79.26,美国,SEA,TRUE,19443
192.18.130.65,美国,LAX,TRUE,19443
35.197.23.75,美国,SEA,TRUE,19443
192.9.146.103,美国,LAX,TRUE,19443
192.9.139.160,美国,LAX,TRUE,19443
184.169.181.217,美国,SJC,TRUE,19443
129.146.209.97,美国,LAX,TRUE,19443
23.94.43.51,美国,SEA,TRUE,19443
192.18.134.231,美国,LAX,TRUE,19443
129.146.60.210,美国,LAX,TRUE,19443
198.23.254.51,美国,SJC,TRUE,19443
129.146.46.164,美国,LAX,TRUE,19443
129.146.46.164,美国,LAX,TRUE,19443
152.70.155.147,美国,LAX,TRUE,19443
47.254.22.131,美国,SJC,TRUE,19443
129.159.202.83,德国,FRA,TRUE,19443
132.226.157.11,美国,LAX,TRUE,19443
141.148.230.238,德国,FRA,TRUE,19443
141.148.247.8,德国,FRA,TRUE,19443
144.21.36.95,德国,FRA,TRUE,19443
130.162.178.144,德国,FRA,TRUE,19443
18.184.55.249,德国,FRA,TRUE,19443
152.70.16.24,德国,FRA,TRUE,19443
